entity,code,year,oil_production_twh,data_source,data_quality_flag,last_updated,entity_type
Africa,,1900,0.0,oil_production,clean,2025-11-18,aggregate
Africa,,1901,0.0,oil_production,clean,2025-11-18,aggregate
Africa,,1902,0.0,oil_production,clean,2025-11-18,aggregate
Africa,,1903,0.0,oil_production,clean,2025-11-18,aggregate
Africa,,1904,0.0,oil_production,clean,2025-11-18,aggregate
Africa,,1905,0.0,oil_production,clean,2025-11-18,aggregate
Africa,,1906,0.0,oil_production,clean,2025-11-18,aggregate
Africa,,1907,0.0,oil_production,clean,2025-11-18,aggregate
Africa,,1908,0.0,oil_production,clean,2025-11-18,aggregate
Africa,,1909,0.0,oil_production,clean,2025-11-18,aggregate
Africa,,1910,0.0,oil_production,clean,2025-11-18,aggregate
Africa,,1911,0.03489,oil_production,clean,2025-11-18,aggregate
Africa,,1912,0.32564,oil_production,clean,2025-11-18,aggregate
Africa,,1913,0.15119,oil_production,clean,2025-11-18,aggregate
Africa,,1914,1.163,oil_production,clean,2025-11-18,aggregate
Africa,,1915,0.3489,oil_production,clean,2025-11-18,aggregate
Africa,,1916,0.68617,oil_production,clean,2025-11-18,aggregate
Africa,,1917,1.60494,oil_production,clean,2025-11-18,aggregate
Africa,,1918,3.29129,oil_production,clean,2025-11-18,aggregate
Africa,,1919,2.61675,oil_production,clean,2025-11-18,aggregate
Africa,,1920,1.7328701,oil_production,clean,2025-11-18,aggregate
Africa,,1921,2.12829,oil_production,clean,2025-11-18,aggregate
Africa,,1922,2.0236201,oil_production,clean,2025-11-18,aggregate
Africa,,1923,1.79102,oil_production,clean,2025-11-18,aggregate
Africa,,1924,1.91895,oil_production,clean,2025-11-18,aggregate
Africa,,1925,2.11666,oil_production,clean,2025-11-18,aggregate
Africa,,1926,2.0236201,oil_production,clean,2025-11-18,aggregate
Africa,,1927,2.16318,oil_production,clean,2025-11-18,aggregate
Africa,,1928,3.12847,oil_production,clean,2025-11-18,aggregate
Africa,,1929,3.19825,oil_production,clean,2025-11-18,aggregate
Africa,,1930,3.33781,oil_production,clean,2025-11-18,aggregate
Africa,,1931,3.3727,oil_production,clean,2025-11-18,aggregate
Africa,,1932,3.16336,oil_production,clean,2025-11-18,aggregate
Africa,,1933,2.7912002,oil_production,clean,2025-11-18,aggregate
Africa,,1934,2.58186,oil_production,clean,2025-11-18,aggregate
Africa,,1935,2.11666,oil_production,clean,2025-11-18,aggregate
Africa,,1936,2.12829,oil_production,clean,2025-11-18,aggregate
Africa,,1937,2.02362,oil_production,clean,2025-11-18,aggregate
Africa,,1938,2.66327,oil_production,clean,2025-11-18,aggregate
Africa,,1939,7.80373,oil_production,clean,2025-11-18,aggregate
Africa,,1940,10.86242,oil_production,clean,2025-11-18,aggregate
Africa,,1941,14.27001,oil_production,clean,2025-11-18,aggregate
Africa,,1942,13.804811,oil_production,clean,2025-11-18,aggregate
Africa,,1943,15.0027,oil_production,clean,2025-11-18,aggregate
Africa,,1944,15.79354,oil_production,clean,2025-11-18,aggregate
Africa,,1945,15.73539,oil_production,clean,2025-11-18,aggregate
Africa,,1946,14.9445505,oil_production,clean,2025-11-18,aggregate
Africa,,1947,15.54931,oil_production,clean,2025-11-18,aggregate
Africa,,1948,22.02722,oil_production,clean,2025-11-18,aggregate
Africa,,1949,26.81878,oil_production,clean,2025-11-18,aggregate
Africa,,1950,30.80787,oil_production,clean,2025-11-18,aggregate
Africa,,1951,28.08645,oil_production,clean,2025-11-18,aggregate
Africa,,1952,29.06337,oil_production,clean,2025-11-18,aggregate
Africa,,1953,29.52857,oil_production,clean,2025-11-18,aggregate
Africa,,1954,25.132431,oil_production,clean,2025-11-18,aggregate
Africa,,1955,23.00414,oil_production,clean,2025-11-18,aggregate
Africa,,1956,21.72484,oil_production,clean,2025-11-18,aggregate
Africa,,1957,31.133509,oil_production,clean,2025-11-18,aggregate
Africa,,1958,52.323368,oil_production,clean,2025-11-18,aggregate
Africa,,1959,67.67497,oil_production,clean,2025-11-18,aggregate
Africa,,1960,160.48238,oil_production,clean,2025-11-18,aggregate
Africa,,1961,275.01462,oil_production,clean,2025-11-18,aggregate
Africa,,1962,451.76736,oil_production,clean,2025-11-18,aggregate
Africa,,1963,665.42206,oil_production,clean,2025-11-18,aggregate
Africa,,1964,957.7538,oil_production,clean,2025-11-18,aggregate
Africa,,1965,1235.101,oil_production,clean,2025-11-18,aggregate
Africa,,1966,1571.8269,oil_production,clean,2025-11-18,aggregate
Africa,,1967,1729.137,oil_production,clean,2025-11-18,aggregate
Africa,,1968,2216.126,oil_production,clean,2025-11-18,aggregate
Africa,,1969,2818.2944,oil_production,clean,2025-11-18,aggregate
Africa,,1970,3399.6292,oil_production,clean,2025-11-18,aggregate
Africa,,1971,3181.0298,oil_production,clean,2025-11-18,aggregate
Africa,,1972,3194.1733,oil_production,clean,2025-11-18,aggregate
Africa,,1973,3346.9214,oil_production,clean,2025-11-18,aggregate
Africa,,1974,3085.5674,oil_production,clean,2025-11-18,aggregate
Africa,,1975,2831.0925,oil_production,clean,2025-11-18,aggregate
Africa,,1976,3377.11,oil_production,clean,2025-11-18,aggregate
Africa,,1977,3541.0354,oil_production,clean,2025-11-18,aggregate
Africa,,1978,3456.5452,oil_production,clean,2025-11-18,aggregate
Africa,,1979,3800.2239,oil_production,clean,2025-11-18,aggregate
Africa,,1980,3492.487,oil_production,clean,2025-11-18,aggregate
Africa,,1981,2773.1401,oil_production,clean,2025-11-18,aggregate
Africa,,1982,2666.0615,oil_production,clean,2025-11-18,aggregate
Africa,,1983,2702.3513,oil_production,clean,2025-11-18,aggregate
Africa,,1984,2885.7793,oil_production,clean,2025-11-18,aggregate
Africa,,1985,3000.331,oil_production,clean,2025-11-18,aggregate
Africa,,1986,2991.7114,oil_production,clean,2025-11-18,aggregate
Africa,,1987,2997.6375,oil_production,clean,2025-11-18,aggregate
Africa,,1988,3124.9639,oil_production,clean,2025-11-18,aggregate
Africa,,1989,3449.0317,oil_production,clean,2025-11-18,aggregate
Africa,,1990,3696.372,oil_production,clean,2025-11-18,aggregate
Africa,,1991,3834.5972,oil_production,clean,2025-11-18,aggregate
Africa,,1992,3907.2974,oil_production,clean,2025-11-18,aggregate
Africa,,1993,3856.3594,oil_production,clean,2025-11-18,aggregate
Africa,,1994,3848.5923,oil_production,clean,2025-11-18,aggregate
Africa,,1995,3910.9531,oil_production,clean,2025-11-18,aggregate
Africa,,1996,4037.5745,oil_production,clean,2025-11-18,aggregate
Africa,,1997,4131.454,oil_production,clean,2025-11-18,aggregate
Africa,,1998,4145.346,oil_production,clean,2025-11-18,aggregate
Africa,,1999,4028.149,oil_production,clean,2025-11-18,aggregate
Africa,,2000,4319.322,oil_production,clean,2025-11-18,aggregate
Africa,,2001,4275.9756,oil_production,clean,2025-11-18,aggregate
Africa,,2002,4304.742,oil_production,clean,2025-11-18,aggregate
Africa,,2003,4681.981,oil_production,clean,2025-11-18,aggregate
Africa,,2004,5210.7056,oil_production,clean,2025-11-18,aggregate
Africa,,2005,5401.9175,oil_production,clean,2025-11-18,aggregate
Africa,,2006,5488.3853,oil_production,clean,2025-11-18,aggregate
Africa,,2007,5605.5054,oil_production,clean,2025-11-18,aggregate
Africa,,2008,5664.0703,oil_production,clean,2025-11-18,aggregate
Africa,,2009,5446.1265,oil_production,clean,2025-11-18,aggregate
Africa,,2010,5628.514,oil_production,clean,2025-11-18,aggregate
Africa,,2011,4715.9775,oil_production,clean,2025-11-18,aggregate
Africa,,2012,5110.917,oil_production,clean,2025-11-18,aggregate
Africa,,2013,4747.6934,oil_production,clean,2025-11-18,aggregate
Africa,,2014,4531.725,oil_production,clean,2025-11-18,aggregate
Africa,,2015,4481.6978,oil_production,clean,2025-11-18,aggregate
Africa,,2016,4230.382,oil_production,clean,2025-11-18,aggregate
Africa,,2017,4464.1685,oil_production,clean,2025-11-18,aggregate
Africa,,2018,4548.2583,oil_production,clean,2025-11-18,aggregate
Africa,,2019,4601.129,oil_production,clean,2025-11-18,aggregate
Africa,,2020,3884.9695,oil_production,clean,2025-11-18,aggregate
Africa,,2021,4036.9832,oil_production,clean,2025-11-18,aggregate
Africa,,2022,3865.3696,oil_production,clean,2025-11-18,aggregate
Africa,,2023,3986.0508,oil_production,clean,2025-11-18,aggregate
Africa,,2024,4017.7146,oil_production,clean,2025-11-18,aggregate
Italy,ITA,1900,0.02326,oil_production,clean,2025-11-18,country
Italy,ITA,1901,0.02326,oil_production,clean,2025-11-18,country
Italy,ITA,1902,0.03489,oil_production,clean,2025-11-18,country
Italy,ITA,1903,0.02326,oil_production,clean,2025-11-18,country
Italy,ITA,1904,0.04652,oil_production,clean,2025-11-18,country
Italy,ITA,1905,0.06978,oil_production,clean,2025-11-18,country
Italy,ITA,1906,0.08141,oil_production,clean,2025-11-18,country
Italy,ITA,1907,0.09304,oil_production,clean,2025-11-18,country
Italy,ITA,1908,0.08141,oil_production,clean,2025-11-18,country
Italy,ITA,1909,0.06978,oil_production,clean,2025-11-18,country
Italy,ITA,1910,0.08141,oil_production,clean,2025-11-18,country
Italy,ITA,1911,0.1163,oil_production,clean,2025-11-18,country
Italy,ITA,1912,0.08141,oil_production,clean,2025-11-18,country
Italy,ITA,1913,0.08141,oil_production,clean,2025-11-18,country
Italy,ITA,1914,0.06978,oil_production,clean,2025-11-18,country
Italy,ITA,1915,0.06978,oil_production,clean,2025-11-18,country
Italy,ITA,1916,0.08141,oil_production,clean,2025-11-18,country
Italy,ITA,1917,0.06978,oil_production,clean,2025-11-18,country
Italy,ITA,1918,0.05815,oil_production,clean,2025-11-18,country
Italy,ITA,1919,0.05815,oil_production,clean,2025-11-18,country
Italy,ITA,1920,0.05815,oil_production,clean,2025-11-18,country
Italy,ITA,1921,0.04652,oil_production,clean,2025-11-18,country
Italy,ITA,1922,0.04652,oil_production,clean,2025-11-18,country
Italy,ITA,1923,0.05815,oil_production,clean,2025-11-18,country
Italy,ITA,1924,0.05815,oil_production,clean,2025-11-18,country
Italy,ITA,1925,0.09304,oil_production,clean,2025-11-18,country
Italy,ITA,1926,0.05815,oil_production,clean,2025-11-18,country
Italy,ITA,1927,0.06978,oil_production,clean,2025-11-18,country
Italy,ITA,1928,0.06978,oil_production,clean,2025-11-18,country
Italy,ITA,1929,0.06978,oil_production,clean,2025-11-18,country
Italy,ITA,1930,0.09304,oil_production,clean,2025-11-18,country
Italy,ITA,1931,0.18608,oil_production,clean,2025-11-18,country
Italy,ITA,1932,0.31401,oil_production,clean,2025-11-18,country
Italy,ITA,1933,0.31401,oil_production,clean,2025-11-18,country
Italy,ITA,1934,0.2326,oil_production,clean,2025-11-18,country
Italy,ITA,1935,0.18608,oil_production,clean,2025-11-18,country
Italy,ITA,1936,0.18608,oil_production,clean,2025-11-18,country
Italy,ITA,1937,0.16282,oil_production,clean,2025-11-18,country
Italy,ITA,1938,0.15119,oil_production,clean,2025-11-18,country
Italy,ITA,1939,0.13956,oil_production,clean,2025-11-18,country
Italy,ITA,1940,0.01163,oil_production,clean,2025-11-18,country
Italy,ITA,1941,0.13956,oil_production,clean,2025-11-18,country
Italy,ITA,1942,0.15119,oil_production,clean,2025-11-18,country
Italy,ITA,1943,0.12793,oil_production,clean,2025-11-18,country
Italy,ITA,1944,0.08141,oil_production,clean,2025-11-18,country
Italy,ITA,1945,0.08141,oil_production,clean,2025-11-18,country
Italy,ITA,1946,0.12793,oil_production,clean,2025-11-18,country
Italy,ITA,1947,0.1163,oil_production,clean,2025-11-18,country
Italy,ITA,1948,0.10467,oil_production,clean,2025-11-18,country
Italy,ITA,1949,0.10467,oil_production,clean,2025-11-18,country
Italy,ITA,1950,0.09304,oil_production,clean,2025-11-18,country
Italy,ITA,1951,0.20934,oil_production,clean,2025-11-18,country
Italy,ITA,1952,0.74432,oil_production,clean,2025-11-18,country
Italy,ITA,1953,0.98855,oil_production,clean,2025-11-18,country
Italy,ITA,1954,0.83736,oil_production,clean,2025-11-18,country
Italy,ITA,1955,2.37252,oil_production,clean,2025-11-18,country
Italy,ITA,1956,6.61747,oil_production,clean,2025-11-18,country
Italy,ITA,1957,14.67706,oil_production,clean,2025-11-18,country
Italy,ITA,1958,17.97998,oil_production,clean,2025-11-18,country
Italy,ITA,1959,19.71285,oil_production,clean,2025-11-18,country
Italy,ITA,1960,23.23674,oil_production,clean,2025-11-18,country
Italy,ITA,1961,22.93436,oil_production,clean,2025-11-18,country
Italy,ITA,1962,21.00378,oil_production,clean,2025-11-18,country
Italy,ITA,1963,20.74792,oil_production,clean,2025-11-18,country
Italy,ITA,1964,31.04047,oil_production,clean,2025-11-18,country
Italy,ITA,1965,26.493141,oil_production,clean,2025-11-18,country
Italy,ITA,1966,21.515501,oil_production,clean,2025-11-18,country
Italy,ITA,1967,20.03849,oil_production,clean,2025-11-18,country
Italy,ITA,1968,18.92201,oil_production,clean,2025-11-18,country
Italy,ITA,1969,18.50333,oil_production,clean,2025-11-18,country
Italy,ITA,1970,17.46826,oil_production,clean,2025-11-18,country
Italy,ITA,1971,15.735391,oil_production,clean,2025-11-18,country
Italy,ITA,1972,14.072301,oil_production,clean,2025-11-18,country
Italy,ITA,1973,12.8511505,oil_production,clean,2025-11-18,country
Italy,ITA,1974,12.8395195,oil_production,clean,2025-11-18,country
Italy,ITA,1975,14.36305,oil_production,clean,2025-11-18,country
Italy,ITA,1976,15.03759,oil_production,clean,2025-11-18,country
Italy,ITA,1977,14.49098,oil_production,clean,2025-11-18,country
Italy,ITA,1978,17.31707,oil_production,clean,2025-11-18,country
Italy,ITA,1979,19.96871,oil_production,clean,2025-11-18,country
Italy,ITA,1980,19.85241,oil_production,clean,2025-11-18,country
Italy,ITA,1981,17.29381,oil_production,clean,2025-11-18,country
Italy,ITA,1982,20.50369,oil_production,clean,2025-11-18,country
Italy,ITA,1983,26.06283,oil_production,clean,2025-11-18,country
Italy,ITA,1984,26.43499,oil_production,clean,2025-11-18,country
Italy,ITA,1985,27.725922,oil_production,clean,2025-11-18,country
Italy,ITA,1986,29.74954,oil_production,clean,2025-11-18,country
Italy,ITA,1987,45.76405,oil_production,clean,2025-11-18,country
Italy,ITA,1988,56.25431,oil_production,clean,2025-11-18,country
Italy,ITA,1989,53.54452,oil_production,clean,2025-11-18,country
Italy,ITA,1990,54.28884,oil_production,clean,2025-11-18,country
Italy,ITA,1991,50.381157,oil_production,clean,2025-11-18,country
Italy,ITA,1992,52.34663,oil_production,clean,2025-11-18,country
Italy,ITA,1993,53.9632,oil_production,clean,2025-11-18,country
Italy,ITA,1994,56.92885,oil_production,clean,2025-11-18,country
Italy,ITA,1995,60.89468,oil_production,clean,2025-11-18,country
Italy,ITA,1996,63.40676,oil_production,clean,2025-11-18,country
Italy,ITA,1997,69.29147,oil_production,clean,2025-11-18,country
Italy,ITA,1998,65.39499,oil_production,clean,2025-11-18,country
Italy,ITA,1999,58.324276,oil_production,clean,2025-11-18,country
Italy,ITA,2000,53.33468,oil_production,clean,2025-11-18,country
Italy,ITA,2001,47.642704,oil_production,clean,2025-11-18,country
Italy,ITA,2002,64.32849,oil_production,clean,2025-11-18,country
Italy,ITA,2003,64.78059,oil_production,clean,2025-11-18,country
Italy,ITA,2004,63.32429,oil_production,clean,2025-11-18,country
Italy,ITA,2005,71.06747,oil_production,clean,2025-11-18,country
Italy,ITA,2006,67.237335,oil_production,clean,2025-11-18,country
Italy,ITA,2007,68.14642,oil_production,clean,2025-11-18,country
Italy,ITA,2008,60.97303,oil_production,clean,2025-11-18,country
Italy,ITA,2009,53.18491,oil_production,clean,2025-11-18,country
Italy,ITA,2010,59.37955,oil_production,clean,2025-11-18,country
Italy,ITA,2011,61.7427,oil_production,clean,2025-11-18,country
Italy,ITA,2012,62.760258,oil_production,clean,2025-11-18,country
Italy,ITA,2013,63.983097,oil_production,clean,2025-11-18,country
Italy,ITA,2014,67.04618,oil_production,clean,2025-11-18,country
Italy,ITA,2015,63.61849,oil_production,clean,2025-11-18,country
Italy,ITA,2016,43.723183,oil_production,clean,2025-11-18,country
Italy,ITA,2017,48.242237,oil_production,clean,2025-11-18,country
Italy,ITA,2018,54.613583,oil_production,clean,2025-11-18,country
Italy,ITA,2019,49.759743,oil_production,clean,2025-11-18,country
Italy,ITA,2020,63.075954,oil_production,clean,2025-11-18,country
Italy,ITA,2021,57.15194,oil_production,clean,2025-11-18,country
Italy,ITA,2022,52.54666,oil_production,clean,2025-11-18,country
Italy,ITA,2023,50.159775,oil_production,clean,2025-11-18,country
Italy,ITA,2024,51.81511,oil_production,clean,2025-11-18,country
Saudi Arabia,SAU,1900,0.0,oil_production,clean,2025-11-18,country
Saudi Arabia,SAU,1901,0.0,oil_production,clean,2025-11-18,country
Saudi Arabia,SAU,1902,0.0,oil_production,clean,2025-11-18,country
Saudi Arabia,SAU,1903,0.0,oil_production,clean,2025-11-18,country
Saudi Arabia,SAU,1904,0.0,oil_production,clean,2025-11-18,country
Saudi Arabia,SAU,1905,0.0,oil_production,clean,2025-11-18,country
Saudi Arabia,SAU,1906,0.0,oil_production,clean,2025-11-18,country
Saudi Arabia,SAU,1907,0.0,oil_production,clean,2025-11-18,country
Saudi Arabia,SAU,1908,0.0,oil_production,clean,2025-11-18,country
Saudi Arabia,SAU,1909,0.0,oil_production,clean,2025-11-18,country
Saudi Arabia,SAU,1910,0.0,oil_production,clean,2025-11-18,country
Saudi Arabia,SAU,1911,0.0,oil_production,clean,2025-11-18,country
Saudi Arabia,SAU,1912,0.0,oil_production,clean,2025-11-18,country
Saudi Arabia,SAU,1913,0.0,oil_production,clean,2025-11-18,country
Saudi Arabia,SAU,1914,0.0,oil_production,clean,2025-11-18,country
Saudi Arabia,SAU,1915,0.0,oil_production,clean,2025-11-18,country
Saudi Arabia,SAU,1916,0.0,oil_production,clean,2025-11-18,country
Saudi Arabia,SAU,1917,0.0,oil_production,clean,2025-11-18,country
Saudi Arabia,SAU,1918,0.0,oil_production,clean,2025-11-18,country
Saudi Arabia,SAU,1919,0.0,oil_production,clean,2025-11-18,country
Saudi Arabia,SAU,1920,0.0,oil_production,clean,2025-11-18,country
Saudi Arabia,SAU,1921,0.0,oil_production,clean,2025-11-18,country
Saudi Arabia,SAU,1922,0.0,oil_production,clean,2025-11-18,country
Saudi Arabia,SAU,1923,0.0,oil_production,clean,2025-11-18,country
Saudi Arabia,SAU,1924,0.0,oil_production,clean,2025-11-18,country
Saudi Arabia,SAU,1925,0.0,oil_production,clean,2025-11-18,country
Saudi Arabia,SAU,1926,0.0,oil_production,clean,2025-11-18,country
Saudi Arabia,SAU,1927,0.0,oil_production,clean,2025-11-18,country
Saudi Arabia,SAU,1928,0.0,oil_production,clean,2025-11-18,country
Saudi Arabia,SAU,1929,0.0,oil_production,clean,2025-11-18,country
Saudi Arabia,SAU,1930,0.0,oil_production,clean,2025-11-18,country
Saudi Arabia,SAU,1931,0.0,oil_production,clean,2025-11-18,country
Saudi Arabia,SAU,1932,0.0,oil_production,clean,2025-11-18,country
Saudi Arabia,SAU,1933,0.0,oil_production,clean,2025-11-18,country
Saudi Arabia,SAU,1934,0.0,oil_production,clean,2025-11-18,country
Saudi Arabia,SAU,1935,0.0,oil_production,clean,2025-11-18,country
Saudi Arabia,SAU,1936,0.02326,oil_production,clean,2025-11-18,country
Saudi Arabia,SAU,1937,0.09304,oil_production,clean,2025-11-18,country
Saudi Arabia,SAU,1938,0.77921,oil_production,clean,2025-11-18,country
Saudi Arabia,SAU,1939,6.26857,oil_production,clean,2025-11-18,country
Saudi Arabia,SAU,1940,8.141,oil_production,clean,2025-11-18,country
Saudi Arabia,SAU,1941,6.8617,oil_production,clean,2025-11-18,country
Saudi Arabia,SAU,1942,7.2106,oil_production,clean,2025-11-18,country
Saudi Arabia,SAU,1943,7.5595,oil_production,clean,2025-11-18,country
Saudi Arabia,SAU,1944,12.36269,oil_production,clean,2025-11-18,country
Saudi Arabia,SAU,1945,33.40136,oil_production,clean,2025-11-18,country
Saudi Arabia,SAU,1946,95.366,oil_production,clean,2025-11-18,country
Saudi Arabia,SAU,1947,143.049,oil_production,clean,2025-11-18,country
Saudi Arabia,SAU,1948,221.87714,oil_production,clean,2025-11-18,country
Saudi Arabia,SAU,1949,270.26956,oil_production,clean,2025-11-18,country
Saudi Arabia,SAU,1950,309.92786,oil_production,clean,2025-11-18,country
Saudi Arabia,SAU,1951,431.72885,oil_production,clean,2025-11-18,country
Saudi Arabia,SAU,1952,468.84018,oil_production,clean,2025-11-18,country
Saudi Arabia,SAU,1953,478.83035,oil_production,clean,2025-11-18,country
Saudi Arabia,SAU,1954,545.226,oil_production,clean,2025-11-18,country
Saudi Arabia,SAU,1955,554.33234,oil_production,clean,2025-11-18,country
Saudi Arabia,SAU,1956,570.3003,oil_production,clean,2025-11-18,country
Saudi Arabia,SAU,1957,581.7791,oil_production,clean,2025-11-18,country
Saudi Arabia,SAU,1958,599.9452,oil_production,clean,2025-11-18,country
Saudi Arabia,SAU,1959,656.30414,oil_production,clean,2025-11-18,country
Saudi Arabia,SAU,1960,750.4141,oil_production,clean,2025-11-18,country
Saudi Arabia,SAU,1961,854.0723,oil_production,clean,2025-11-18,country
Saudi Arabia,SAU,1962,948.2521,oil_production,clean,2025-11-18,country
Saudi Arabia,SAU,1963,1031.9182,oil_production,clean,2025-11-18,country
Saudi Arabia,SAU,1964,1099.8026,oil_production,clean,2025-11-18,country
Saudi Arabia,SAU,1965,1291.2112,oil_production,clean,2025-11-18,country
Saudi Arabia,SAU,1966,1523.1675,oil_production,clean,2025-11-18,country
Saudi Arabia,SAU,1967,1643.169,oil_production,clean,2025-11-18,country
Saudi Arabia,SAU,1968,1793.6106,oil_production,clean,2025-11-18,country
Saudi Arabia,SAU,1969,1892.793,oil_production,clean,2025-11-18,country
Saudi Arabia,SAU,1970,2234.9546,oil_production,clean,2025-11-18,country
Saudi Arabia,SAU,1971,2800.4424,oil_production,clean,2025-11-18,country
Saudi Arabia,SAU,1972,3538.2239,oil_production,clean,2025-11-18,country
Saudi Arabia,SAU,1973,4466.09,oil_production,clean,2025-11-18,country
Saudi Arabia,SAU,1974,4996.796,oil_production,clean,2025-11-18,country
Saudi Arabia,SAU,1975,4179.089,oil_production,clean,2025-11-18,country
Saudi Arabia,SAU,1976,5085.341,oil_production,clean,2025-11-18,country
Saudi Arabia,SAU,1977,5447.446,oil_production,clean,2025-11-18,country
Saudi Arabia,SAU,1978,4936.231,oil_production,clean,2025-11-18,country
Saudi Arabia,SAU,1979,5675.5664,oil_production,clean,2025-11-18,country
Saudi Arabia,SAU,1980,5929.0127,oil_production,clean,2025-11-18,country
Saudi Arabia,SAU,1981,5888.819,oil_production,clean,2025-11-18,country
Saudi Arabia,SAU,1982,3956.3425,oil_production,clean,2025-11-18,country
Saudi Arabia,SAU,1983,2794.4504,oil_production,clean,2025-11-18,country
Saudi Arabia,SAU,1984,2547.3987,oil_production,clean,2025-11-18,country
Saudi Arabia,SAU,1985,2001.202,oil_production,clean,2025-11-18,country
Saudi Arabia,SAU,1986,2937.7393,oil_production,clean,2025-11-18,country
Saudi Arabia,SAU,1987,2484.2625,oil_production,clean,2025-11-18,country
Saudi Arabia,SAU,1988,3178.5789,oil_production,clean,2025-11-18,country
Saudi Arabia,SAU,1989,3153.7424,oil_production,clean,2025-11-18,country
Saudi Arabia,SAU,1990,3984.946,oil_production,clean,2025-11-18,country
Saudi Arabia,SAU,1991,4981.6616,oil_production,clean,2025-11-18,country
Saudi Arabia,SAU,1992,5141.365,oil_production,clean,2025-11-18,country
Saudi Arabia,SAU,1993,4992.883,oil_production,clean,2025-11-18,country
Saudi Arabia,SAU,1994,5026.3213,oil_production,clean,2025-11-18,country
Saudi Arabia,SAU,1995,5015.5874,oil_production,clean,2025-11-18,country
Saudi Arabia,SAU,1996,5087.378,oil_production,clean,2025-11-18,country
Saudi Arabia,SAU,1997,5024.416,oil_production,clean,2025-11-18,country
Saudi Arabia,SAU,1998,5178.7773,oil_production,clean,2025-11-18,country
Saudi Arabia,SAU,1999,4751.1567,oil_production,clean,2025-11-18,country
Saudi Arabia,SAU,2000,5099.946,oil_production,clean,2025-11-18,country
Saudi Arabia,SAU,2001,4974.1143,oil_production,clean,2025-11-18,country
Saudi Arabia,SAU,2002,4536.3174,oil_production,clean,2025-11-18,country
Saudi Arabia,SAU,2003,5355.6123,oil_production,clean,2025-11-18,country
Saudi Arabia,SAU,2004,5731.1167,oil_production,clean,2025-11-18,country
Saudi Arabia,SAU,2005,6008.3857,oil_production,clean,2025-11-18,country
Saudi Arabia,SAU,2006,5918.9785,oil_production,clean,2025-11-18,country
Saudi Arabia,SAU,2007,5686.37,oil_production,clean,2025-11-18,country
Saudi Arabia,SAU,2008,5930.9995,oil_production,clean,2025-11-18,country
Saudi Arabia,SAU,2009,5338.2544,oil_production,clean,2025-11-18,country
Saudi Arabia,SAU,2010,5388.1865,oil_production,clean,2025-11-18,country
Saudi Arabia,SAU,2011,6079.007,oil_production,clean,2025-11-18,country
Saudi Arabia,SAU,2012,6387.4927,oil_production,clean,2025-11-18,country
Saudi Arabia,SAU,2013,6261.744,oil_production,clean,2025-11-18,country
Saudi Arabia,SAU,2014,6324.668,oil_production,clean,2025-11-18,country
Saudi Arabia,SAU,2015,6606.2373,oil_production,clean,2025-11-18,country
Saudi Arabia,SAU,2016,6823.463,oil_production,clean,2025-11-18,country
Saudi Arabia,SAU,2017,6504.885,oil_production,clean,2025-11-18,country
Saudi Arabia,SAU,2018,6708.389,oil_production,clean,2025-11-18,country
Saudi Arabia,SAU,2019,6472.84,oil_production,clean,2025-11-18,country
Saudi Arabia,SAU,2020,6042.749,oil_production,clean,2025-11-18,country
Saudi Arabia,SAU,2021,5989.718,oil_production,clean,2025-11-18,country
Saudi Arabia,SAU,2022,6665.557,oil_production,clean,2025-11-18,country
Saudi Arabia,SAU,2023,6151.179,oil_production,clean,2025-11-18,country
Saudi Arabia,SAU,2024,5933.262,oil_production,clean,2025-11-18,country
Tunisia,TUN,1900,0.0,oil_production,clean,2025-11-18,country
Tunisia,TUN,1901,0.0,oil_production,clean,2025-11-18,country
Tunisia,TUN,1902,0.0,oil_production,clean,2025-11-18,country
Tunisia,TUN,1903,0.0,oil_production,clean,2025-11-18,country
Tunisia,TUN,1904,0.0,oil_production,clean,2025-11-18,country
Tunisia,TUN,1905,0.0,oil_production,clean,2025-11-18,country
Tunisia,TUN,1906,0.0,oil_production,clean,2025-11-18,country
Tunisia,TUN,1907,0.0,oil_production,clean,2025-11-18,country
Tunisia,TUN,1908,0.0,oil_production,clean,2025-11-18,country
Tunisia,TUN,1909,0.0,oil_production,clean,2025-11-18,country
Tunisia,TUN,1910,0.0,oil_production,clean,2025-11-18,country
Tunisia,TUN,1911,0.0,oil_production,clean,2025-11-18,country
Tunisia,TUN,1912,0.0,oil_production,clean,2025-11-18,country
Tunisia,TUN,1913,0.0,oil_production,clean,2025-11-18,country
Tunisia,TUN,1914,0.0,oil_production,clean,2025-11-18,country
Tunisia,TUN,1915,0.0,oil_production,clean,2025-11-18,country
Tunisia,TUN,1916,0.0,oil_production,clean,2025-11-18,country
Tunisia,TUN,1917,0.0,oil_production,clean,2025-11-18,country
Tunisia,TUN,1918,0.0,oil_production,clean,2025-11-18,country
Tunisia,TUN,1919,0.0,oil_production,clean,2025-11-18,country
Tunisia,TUN,1920,0.0,oil_production,clean,2025-11-18,country
Tunisia,TUN,1921,0.0,oil_production,clean,2025-11-18,country
Tunisia,TUN,1922,0.0,oil_production,clean,2025-11-18,country
Tunisia,TUN,1923,0.0,oil_production,clean,2025-11-18,country
Tunisia,TUN,1924,0.0,oil_production,clean,2025-11-18,country
Tunisia,TUN,1925,0.0,oil_production,clean,2025-11-18,country
Tunisia,TUN,1926,0.0,oil_production,clean,2025-11-18,country
Tunisia,TUN,1927,0.0,oil_production,clean,2025-11-18,country
Tunisia,TUN,1928,0.0,oil_production,clean,2025-11-18,country
Tunisia,TUN,1929,0.0,oil_production,clean,2025-11-18,country
Tunisia,TUN,1930,0.0,oil_production,clean,2025-11-18,country
Tunisia,TUN,1931,0.0,oil_production,clean,2025-11-18,country
Tunisia,TUN,1932,0.0,oil_production,clean,2025-11-18,country
Tunisia,TUN,1933,0.0,oil_production,clean,2025-11-18,country
Tunisia,TUN,1934,0.0,oil_production,clean,2025-11-18,country
Tunisia,TUN,1935,0.0,oil_production,clean,2025-11-18,country
Tunisia,TUN,1936,0.0,oil_production,clean,2025-11-18,country
Tunisia,TUN,1937,0.0,oil_production,clean,2025-11-18,country
Tunisia,TUN,1938,0.0,oil_production,clean,2025-11-18,country
Tunisia,TUN,1939,0.0,oil_production,clean,2025-11-18,country
Tunisia,TUN,1940,0.0,oil_production,clean,2025-11-18,country
Tunisia,TUN,1941,0.0,oil_production,clean,2025-11-18,country
Tunisia,TUN,1942,0.0,oil_production,clean,2025-11-18,country
Tunisia,TUN,1943,0.0,oil_production,clean,2025-11-18,country
Tunisia,TUN,1944,0.0,oil_production,clean,2025-11-18,country
Tunisia,TUN,1945,0.0,oil_production,clean,2025-11-18,country
Tunisia,TUN,1946,0.0,oil_production,clean,2025-11-18,country
Tunisia,TUN,1947,0.0,oil_production,clean,2025-11-18,country
Tunisia,TUN,1948,0.0,oil_production,clean,2025-11-18,country
Tunisia,TUN,1949,0.0,oil_production,clean,2025-11-18,country
Tunisia,TUN,1950,0.0,oil_production,clean,2025-11-18,country
Tunisia,TUN,1951,0.0,oil_production,clean,2025-11-18,country
Tunisia,TUN,1952,0.0,oil_production,clean,2025-11-18,country
Tunisia,TUN,1953,0.0,oil_production,clean,2025-11-18,country
Tunisia,TUN,1954,0.0,oil_production,clean,2025-11-18,country
Tunisia,TUN,1955,0.0,oil_production,clean,2025-11-18,country
Tunisia,TUN,1956,0.0,oil_production,clean,2025-11-18,country
Tunisia,TUN,1957,0.0,oil_production,clean,2025-11-18,country
Tunisia,TUN,1958,0.0,oil_production,clean,2025-11-18,country
Tunisia,TUN,1959,0.0,oil_production,clean,2025-11-18,country
Tunisia,TUN,1960,0.0,oil_production,clean,2025-11-18,country
Tunisia,TUN,1961,0.0,oil_production,clean,2025-11-18,country
Tunisia,TUN,1962,0.0,oil_production,clean,2025-11-18,country
Tunisia,TUN,1963,0.0,oil_production,clean,2025-11-18,country
Tunisia,TUN,1964,0.0,oil_production,clean,2025-11-18,country
Tunisia,TUN,1965,0.0,oil_production,clean,2025-11-18,country
Tunisia,TUN,1966,8.96673,oil_production,clean,2025-11-18,country
Tunisia,TUN,1967,26.06283,oil_production,clean,2025-11-18,country
Tunisia,TUN,1968,37.11133,oil_production,clean,2025-11-18,country
Tunisia,TUN,1969,43.11241,oil_production,clean,2025-11-18,country
Tunisia,TUN,1970,48.27613,oil_production,clean,2025-11-18,country
Tunisia,TUN,1971,47.787674,oil_production,clean,2025-11-18,country
Tunisia,TUN,1972,46.25251,oil_production,clean,2025-11-18,country
Tunisia,TUN,1973,45.10114,oil_production,clean,2025-11-18,country
Tunisia,TUN,1974,48.13657,oil_production,clean,2025-11-18,country
Tunisia,TUN,1975,53.602673,oil_production,clean,2025-11-18,country
Tunisia,TUN,1976,43.1473,oil_production,clean,2025-11-18,country
Tunisia,TUN,1977,50.05552,oil_production,clean,2025-11-18,country
Tunisia,TUN,1978,57.49872,oil_production,clean,2025-11-18,country
Tunisia,TUN,1979,64.383675,oil_production,clean,2025-11-18,country
Tunisia,TUN,1980,65.44201,oil_production,clean,2025-11-18,country
Tunisia,TUN,1981,62.88341,oil_production,clean,2025-11-18,country
Tunisia,TUN,1982,59.84798,oil_production,clean,2025-11-18,country
Tunisia,TUN,1983,64.33716,oil_production,clean,2025-11-18,country
Tunisia,TUN,1984,63.7324,oil_production,clean,2025-11-18,country
Tunisia,TUN,1985,62.89504,oil_production,clean,2025-11-18,country
Tunisia,TUN,1986,61.0575,oil_production,clean,2025-11-18,country
Tunisia,TUN,1987,58.23141,oil_production,clean,2025-11-18,country
Tunisia,TUN,1988,57.405678,oil_production,clean,2025-11-18,country
Tunisia,TUN,1989,57.6848,oil_production,clean,2025-11-18,country
Tunisia,TUN,1990,55.13085,oil_production,clean,2025-11-18,country
Tunisia,TUN,1991,63.31721,oil_production,clean,2025-11-18,country
Tunisia,TUN,1992,63.431183,oil_production,clean,2025-11-18,country
Tunisia,TUN,1993,57.40801,oil_production,clean,2025-11-18,country
Tunisia,TUN,1994,53.022335,oil_production,clean,2025-11-18,country
Tunisia,TUN,1995,51.68023,oil_production,clean,2025-11-18,country
Tunisia,TUN,1996,51.254574,oil_production,clean,2025-11-18,country
Tunisia,TUN,1997,48.34591,oil_production,clean,2025-11-18,country
Tunisia,TUN,1998,47.45505,oil_production,clean,2025-11-18,country
Tunisia,TUN,1999,48.829716,oil_production,clean,2025-11-18,country
Tunisia,TUN,2000,42.589058,oil_production,clean,2025-11-18,country
Tunisia,TUN,2001,38.94887,oil_production,clean,2025-11-18,country
Tunisia,TUN,2002,40.54218,oil_production,clean,2025-11-18,country
Tunisia,TUN,2003,36.8671,oil_production,clean,2025-11-18,country
Tunisia,TUN,2004,38.87909,oil_production,clean,2025-11-18,country
Tunisia,TUN,2005,39.565258,oil_production,clean,2025-11-18,country
Tunisia,TUN,2006,37.93706,oil_production,clean,2025-11-18,country
Tunisia,TUN,2007,52.86998,oil_production,clean,2025-11-18,country
Tunisia,TUN,2008,48.311016,oil_production,clean,2025-11-18,country
Tunisia,TUN,2009,45.51982,oil_production,clean,2025-11-18,country
Tunisia,TUN,2010,44.58942,oil_production,clean,2025-11-18,country
Tunisia,TUN,2011,39.69319,oil_production,clean,2025-11-18,country
Tunisia,TUN,2012,39.646667,oil_production,clean,2025-11-18,country
Tunisia,TUN,2013,36.37864,oil_production,clean,2025-11-18,country
Tunisia,TUN,2014,33.76189,oil_production,clean,2025-11-18,country
Tunisia,TUN,2015,30.552011,oil_production,clean,2025-11-18,country
Tunisia,TUN,2016,28.2609,oil_production,clean,2025-11-18,country
Tunisia,TUN,2017,23.88802,oil_production,clean,2025-11-18,country
Tunisia,TUN,2018,23.10881,oil_production,clean,2025-11-18,country
Tunisia,TUN,2019,21.21312,oil_production,clean,2025-11-18,country
Tunisia,TUN,2020,19.60818,oil_production,clean,2025-11-18,country
Tunisia,TUN,2021,24.1904,oil_production,clean,2025-11-18,country
Tunisia,TUN,2022,20.43391,oil_production,clean,2025-11-18,country
Tunisia,TUN,2023,19.829151,oil_production,clean,2025-11-18,country
Tunisia,TUN,2024,17.282179,oil_production,clean,2025-11-18,country
United States,USA,1900,98.64566,oil_production,clean,2025-11-18,country
United States,USA,1901,107.60076,oil_production,clean,2025-11-18,country
United States,USA,1902,137.64105,oil_production,clean,2025-11-18,country
United States,USA,1903,155.78384,oil_production,clean,2025-11-18,country
United States,USA,1904,181.55592,oil_production,clean,2025-11-18,country
United States,USA,1905,208.89806,oil_production,clean,2025-11-18,country
United States,USA,1906,196.15158,oil_production,clean,2025-11-18,country
United States,USA,1907,257.55798,oil_production,clean,2025-11-18,country
United States,USA,1908,276.8405,oil_production,clean,2025-11-18,country
United States,USA,1909,284.0395,oil_production,clean,2025-11-18,country
United States,USA,1910,324.95383,oil_production,clean,2025-11-18,country
United States,USA,1911,341.84058,oil_production,clean,2025-11-18,country
United States,USA,1912,345.70175,oil_production,clean,2025-11-18,country
United States,USA,1913,385.25537,oil_production,clean,2025-11-18,country
United States,USA,1914,412.10904,oil_production,clean,2025-11-18,country
United States,USA,1915,435.8924,oil_production,clean,2025-11-18,country
United States,USA,1916,466.363,oil_production,clean,2025-11-18,country
United States,USA,1917,519.9773,oil_production,clean,2025-11-18,country
United States,USA,1918,551.9249,oil_production,clean,2025-11-18,country
United States,USA,1919,605.9114,oil_production,clean,2025-11-18,country
United States,USA,1920,722.4789,oil_production,clean,2025-11-18,country
United States,USA,1921,752.67035,oil_production,clean,2025-11-18,country
United States,USA,1922,888.7064,oil_production,clean,2025-11-18,country
United States,USA,1923,1167.3147,oil_production,clean,2025-11-18,country
United States,USA,1924,1140.0192,oil_production,clean,2025-11-18,country
United States,USA,1925,1216.7539,oil_production,clean,2025-11-18,country
United States,USA,1926,1238.2926,oil_production,clean,2025-11-18,country
United States,USA,1927,1436.1422,oil_production,clean,2025-11-18,country
United States,USA,1928,1437.375,oil_production,clean,2025-11-18,country
United States,USA,1929,1606.1495,oil_production,clean,2025-11-18,country
United States,USA,1930,1431.8507,oil_production,clean,2025-11-18,country
United States,USA,1931,1357.0233,oil_production,clean,2025-11-18,country
United States,USA,1932,1251.9114,oil_production,clean,2025-11-18,country
United States,USA,1933,1425.0936,oil_production,clean,2025-11-18,country
United States,USA,1934,1429.6875,oil_production,clean,2025-11-18,country
United States,USA,1935,1566.2703,oil_production,clean,2025-11-18,country
United States,USA,1936,1728.2877,oil_production,clean,2025-11-18,country
United States,USA,1937,2010.4199,oil_production,clean,2025-11-18,country
United States,USA,1938,1908.5645,oil_production,clean,2025-11-18,country
United States,USA,1939,1988.1019,oil_production,clean,2025-11-18,country
United States,USA,1940,2126.813,oil_production,clean,2025-11-18,country
United States,USA,1941,2203.8384,oil_production,clean,2025-11-18,country
United States,USA,1942,2179.3457,oil_production,clean,2025-11-18,country
United States,USA,1943,2365.635,oil_production,clean,2025-11-18,country
United States,USA,1944,2637.114,oil_production,clean,2025-11-18,country
United States,USA,1945,2693.2986,oil_production,clean,2025-11-18,country
United States,USA,1946,2725.1765,oil_production,clean,2025-11-18,country
United States,USA,1947,2918.5718,oil_production,clean,2025-11-18,country
United States,USA,1948,3175.0713,oil_production,clean,2025-11-18,country
United States,USA,1949,2894.928,oil_production,clean,2025-11-18,country
United States,USA,1950,3101.814,oil_production,clean,2025-11-18,country
United States,USA,1951,3532.659,oil_production,clean,2025-11-18,country
United States,USA,1952,3598.8687,oil_production,clean,2025-11-18,country
United States,USA,1953,3704.562,oil_production,clean,2025-11-18,country
United States,USA,1954,3638.399,oil_production,clean,2025-11-18,country
United States,USA,1955,3904.7026,oil_production,clean,2025-11-18,country
United States,USA,1956,4113.508,oil_production,clean,2025-11-18,country
United States,USA,1957,4112.903,oil_production,clean,2025-11-18,country
United States,USA,1958,3849.0066,oil_production,clean,2025-11-18,country
United States,USA,1959,4046.4143,oil_production,clean,2025-11-18,country
United States,USA,1960,4046.9492,oil_production,clean,2025-11-18,country
United States,USA,1961,4120.544,oil_production,clean,2025-11-18,country
United States,USA,1962,4206.094,oil_production,clean,2025-11-18,country
United States,USA,1963,4326.3716,oil_production,clean,2025-11-18,country
United States,USA,1964,4379.963,oil_production,clean,2025-11-18,country
United States,USA,1965,4974.0864,oil_production,clean,2025-11-18,country
United States,USA,1966,5286.2866,oil_production,clean,2025-11-18,country
United States,USA,1967,5631.4976,oil_production,clean,2025-11-18,country
United States,USA,1968,5848.4985,oil_production,clean,2025-11-18,country
United States,USA,1969,5947.0205,oil_production,clean,2025-11-18,country
United States,USA,1970,6204.4873,oil_production,clean,2025-11-18,country
United States,USA,1971,6116.076,oil_production,clean,2025-11-18,country
United States,USA,1972,6139.336,oil_production,clean,2025-11-18,country
United States,USA,1973,5985.4062,oil_production,clean,2025-11-18,country
United States,USA,1974,5715.055,oil_production,clean,2025-11-18,country
United States,USA,1975,5463.43,oil_production,clean,2025-11-18,country
United States,USA,1976,5326.305,oil_production,clean,2025-11-18,country
United States,USA,1977,5382.4077,oil_production,clean,2025-11-18,country
United States,USA,1978,5631.312,oil_production,clean,2025-11-18,country
United States,USA,1979,5547.409,oil_production,clean,2025-11-18,country
United States,USA,1980,5584.649,oil_production,clean,2025-11-18,country
United States,USA,1981,5568.406,oil_production,clean,2025-11-18,country
United States,USA,1982,5590.811,oil_production,clean,2025-11-18,country
United States,USA,1983,5616.8555,oil_production,clean,2025-11-18,country
United States,USA,1984,5770.069,oil_production,clean,2025-11-18,country
United States,USA,1985,5799.941,oil_production,clean,2025-11-18,country
United States,USA,1986,5609.4917,oil_production,clean,2025-11-18,country
United States,USA,1987,5434.2373,oil_production,clean,2025-11-18,country
United States,USA,1988,5338.8906,oil_production,clean,2025-11-18,country
United States,USA,1989,4989.655,oil_production,clean,2025-11-18,country
United States,USA,1990,4845.259,oil_production,clean,2025-11-18,country
United States,USA,1991,4918.2886,oil_production,clean,2025-11-18,country
United States,USA,1992,4803.5605,oil_production,clean,2025-11-18,country
United States,USA,1993,4617.1855,oil_production,clean,2025-11-18,country
United States,USA,1994,4506.6177,oil_production,clean,2025-11-18,country
United States,USA,1995,4460.73,oil_production,clean,2025-11-18,country
United States,USA,1996,4443.334,oil_production,clean,2025-11-18,country
United States,USA,1997,4418.8193,oil_production,clean,2025-11-18,country
United States,USA,1998,4281.3467,oil_production,clean,2025-11-18,country
United States,USA,1999,4101.04,oil_production,clean,2025-11-18,country
United States,USA,2000,4042.3733,oil_production,clean,2025-11-18,country
United States,USA,2001,4006.6648,oil_production,clean,2025-11-18,country
United States,USA,2002,3976.3623,oil_production,clean,2025-11-18,country
United States,USA,2003,3867.6333,oil_production,clean,2025-11-18,country
United States,USA,2004,3783.905,oil_production,clean,2025-11-18,country
United States,USA,2005,3593.5337,oil_production,clean,2025-11-18,country
United States,USA,2006,3541.373,oil_production,clean,2025-11-18,country
United States,USA,2007,3546.8767,oil_production,clean,2025-11-18,country
United States,USA,2008,3514.8438,oil_production,clean,2025-11-18,country
United States,USA,2009,3751.6802,oil_production,clean,2025-11-18,country
United States,USA,2010,3874.478,oil_production,clean,2025-11-18,country
United States,USA,2011,4028.8867,oil_production,clean,2025-11-18,country
United States,USA,2012,4597.0796,oil_production,clean,2025-11-18,country
United States,USA,2013,5216.947,oil_production,clean,2025-11-18,country
United States,USA,2014,6095.6357,oil_production,clean,2025-11-18,country
United States,USA,2015,6590.3604,oil_production,clean,2025-11-18,country
United States,USA,2016,6313.63,oil_production,clean,2025-11-18,country
United States,USA,2017,6678.759,oil_production,clean,2025-11-18,country
United States,USA,2018,7792.1,oil_production,clean,2025-11-18,country
United States,USA,2019,8735.463,oil_production,clean,2025-11-18,country
United States,USA,2020,8298.5,oil_production,clean,2025-11-18,country
United States,USA,2021,8349.484,oil_production,clean,2025-11-18,country
United States,USA,2022,8910.351,oil_production,clean,2025-11-18,country
United States,USA,2023,9647.618,oil_production,clean,2025-11-18,country
United States,USA,2024,9977.384,oil_production,clean,2025-11-18,country
World,OWID_WRL,1900,234.94926,oil_production,clean,2025-11-18,aggregate
World,OWID_WRL,1901,262.838,oil_production,clean,2025-11-18,aggregate
World,OWID_WRL,1902,285.38858,oil_production,clean,2025-11-18,aggregate
World,OWID_WRL,1903,305.04327,oil_production,clean,2025-11-18,aggregate
World,OWID_WRL,1904,342.5384,oil_production,clean,2025-11-18,aggregate
World,OWID_WRL,1905,336.89783,oil_production,clean,2025-11-18,aggregate
World,OWID_WRL,1906,335.54877,oil_production,clean,2025-11-18,aggregate
World,OWID_WRL,1907,414.90024,oil_production,clean,2025-11-18,aggregate
World,OWID_WRL,1908,448.5342,oil_production,clean,2025-11-18,aggregate
World,OWID_WRL,1909,471.31738,oil_production,clean,2025-11-18,aggregate
World,OWID_WRL,1910,512.6388,oil_production,clean,2025-11-18,aggregate
World,OWID_WRL,1911,543.0047,oil_production,clean,2025-11-18,aggregate
World,OWID_WRL,1912,551.7505,oil_production,clean,2025-11-18,aggregate
World,OWID_WRL,1913,608.3304,oil_production,clean,2025-11-18,aggregate
World,OWID_WRL,1914,626.58954,oil_production,clean,2025-11-18,aggregate
World,OWID_WRL,1915,672.5629,oil_production,clean,2025-11-18,aggregate
World,OWID_WRL,1916,721.4903,oil_production,clean,2025-11-18,aggregate
World,OWID_WRL,1917,797.5389,oil_production,clean,2025-11-18,aggregate
World,OWID_WRL,1918,791.8169,oil_production,clean,2025-11-18,aggregate
World,OWID_WRL,1919,901.77856,oil_production,clean,2025-11-18,aggregate
World,OWID_WRL,1920,1155.3823,oil_production,clean,2025-11-18,aggregate
World,OWID_WRL,1921,1250.8414,oil_production,clean,2025-11-18,aggregate
World,OWID_WRL,1922,1396.228,oil_production,clean,2025-11-18,aggregate
World,OWID_WRL,1923,1651.332,oil_production,clean,2025-11-18,aggregate
World,OWID_WRL,1924,1646.6685,oil_production,clean,2025-11-18,aggregate
World,OWID_WRL,1925,1726.5084,oil_production,clean,2025-11-18,aggregate
World,OWID_WRL,1926,1771.9933,oil_production,clean,2025-11-18,aggregate
World,OWID_WRL,1927,2023.1199,oil_production,clean,2025-11-18,aggregate
World,OWID_WRL,1928,2124.5916,oil_production,clean,2025-11-18,aggregate
World,OWID_WRL,1929,2381.731,oil_production,clean,2025-11-18,aggregate
World,OWID_WRL,1930,2271.2344,oil_production,clean,2025-11-18,aggregate
World,OWID_WRL,1931,2197.5117,oil_production,clean,2025-11-18,aggregate
World,OWID_WRL,1932,2097.3774,oil_production,clean,2025-11-18,aggregate
World,OWID_WRL,1933,2290.2727,oil_production,clean,2025-11-18,aggregate
World,OWID_WRL,1934,2416.8884,oil_production,clean,2025-11-18,aggregate
World,OWID_WRL,1935,2627.659,oil_production,clean,2025-11-18,aggregate
World,OWID_WRL,1936,2861.7012,oil_production,clean,2025-11-18,aggregate
World,OWID_WRL,1937,3257.1443,oil_production,clean,2025-11-18,aggregate
World,OWID_WRL,1938,3179.6304,oil_production,clean,2025-11-18,aggregate
World,OWID_WRL,1939,3312.7822,oil_production,clean,2025-11-18,aggregate
World,OWID_WRL,1940,3419.4875,oil_production,clean,2025-11-18,aggregate
World,OWID_WRL,1941,3522.4246,oil_production,clean,2025-11-18,aggregate
World,OWID_WRL,1942,3315.6084,oil_production,clean,2025-11-18,aggregate
World,OWID_WRL,1943,3568.0957,oil_production,clean,2025-11-18,aggregate
World,OWID_WRL,1944,4098.133,oil_production,clean,2025-11-18,aggregate
World,OWID_WRL,1945,4093.3413,oil_production,clean,2025-11-18,aggregate
World,OWID_WRL,1946,4354.179,oil_production,clean,2025-11-18,aggregate
World,OWID_WRL,1947,4796.5376,oil_production,clean,2025-11-18,aggregate
World,OWID_WRL,1948,5428.8726,oil_production,clean,2025-11-18,aggregate
World,OWID_WRL,1949,5397.739,oil_production,clean,2025-11-18,aggregate
World,OWID_WRL,1950,6055.578,oil_production,clean,2025-11-18,aggregate
World,OWID_WRL,1951,6867.236,oil_production,clean,2025-11-18,aggregate
World,OWID_WRL,1952,7218.299,oil_production,clean,2025-11-18,aggregate
World,OWID_WRL,1953,7632.513,oil_production,clean,2025-11-18,aggregate
World,OWID_WRL,1954,7990.694,oil_production,clean,2025-11-18,aggregate
World,OWID_WRL,1955,8955.483,oil_production,clean,2025-11-18,aggregate
World,OWID_WRL,1956,9745.858,oil_production,clean,2025-11-18,aggregate
World,OWID_WRL,1957,10270.767,oil_production,clean,2025-11-18,aggregate
World,OWID_WRL,1958,10527.977,oil_production,clean,2025-11-18,aggregate
World,OWID_WRL,1959,11360.858,oil_production,clean,2025-11-18,aggregate
World,OWID_WRL,1960,12240.843,oil_production,clean,2025-11-18,aggregate
World,OWID_WRL,1961,13029.392,oil_production,clean,2025-11-18,aggregate
World,OWID_WRL,1962,14133.672,oil_production,clean,2025-11-18,aggregate
World,OWID_WRL,1963,15164.043,oil_production,clean,2025-11-18,aggregate
World,OWID_WRL,1964,16376.738,oil_production,clean,2025-11-18,aggregate
World,OWID_WRL,1965,18231.082,oil_production,clean,2025-11-18,aggregate
World,OWID_WRL,1966,19796.81,oil_production,clean,2025-11-18,aggregate
World,OWID_WRL,1967,21238.463,oil_production,clean,2025-11-18,aggregate
World,OWID_WRL,1968,23170.031,oil_production,clean,2025-11-18,aggregate
World,OWID_WRL,1969,24940.334,oil_production,clean,2025-11-18,aggregate
World,OWID_WRL,1970,27433.883,oil_production,clean,2025-11-18,aggregate
World,OWID_WRL,1971,29000.791,oil_production,clean,2025-11-18,aggregate
World,OWID_WRL,1972,30649.97,oil_production,clean,2025-11-18,aggregate
World,OWID_WRL,1973,33445.12,oil_production,clean,2025-11-18,aggregate
World,OWID_WRL,1974,33519.68,oil_production,clean,2025-11-18,aggregate
World,OWID_WRL,1975,31837.768,oil_production,clean,2025-11-18,aggregate
World,OWID_WRL,1976,34590.74,oil_production,clean,2025-11-18,aggregate
World,OWID_WRL,1977,35798.867,oil_production,clean,2025-11-18,aggregate
World,OWID_WRL,1978,36124.168,oil_production,clean,2025-11-18,aggregate
World,OWID_WRL,1979,37653.043,oil_production,clean,2025-11-18,aggregate
World,OWID_WRL,1980,35949.586,oil_production,clean,2025-11-18,aggregate
World,OWID_WRL,1981,33858.336,oil_production,clean,2025-11-18,aggregate
World,OWID_WRL,1982,32518.732,oil_production,clean,2025-11-18,aggregate
World,OWID_WRL,1983,32122.473,oil_production,clean,2025-11-18,aggregate
World,OWID_WRL,1984,32752.219,oil_production,clean,2025-11-18,aggregate
World,OWID_WRL,1985,32465.682,oil_production,clean,2025-11-18,aggregate
World,OWID_WRL,1986,34069.39,oil_production,clean,2025-11-18,aggregate
World,OWID_WRL,1987,34148.086,oil_production,clean,2025-11-18,aggregate
World,OWID_WRL,1988,35607.57,oil_production,clean,2025-11-18,aggregate
World,OWID_WRL,1989,36037.48,oil_production,clean,2025-11-18,aggregate
World,OWID_WRL,1990,36726.777,oil_production,clean,2025-11-18,aggregate
World,OWID_WRL,1991,36627.707,oil_production,clean,2025-11-18,aggregate
World,OWID_WRL,1992,37157.996,oil_production,clean,2025-11-18,aggregate
World,OWID_WRL,1993,37105.156,oil_production,clean,2025-11-18,aggregate
World,OWID_WRL,1994,37619.203,oil_production,clean,2025-11-18,aggregate
World,OWID_WRL,1995,38135.516,oil_production,clean,2025-11-18,aggregate
World,OWID_WRL,1996,39151.24,oil_production,clean,2025-11-18,aggregate
World,OWID_WRL,1997,40023.195,oil_production,clean,2025-11-18,aggregate
World,OWID_WRL,1998,41034.703,oil_production,clean,2025-11-18,aggregate
World,OWID_WRL,1999,40104.688,oil_production,clean,2025-11-18,aggregate
World,OWID_WRL,2000,41796.285,oil_production,clean,2025-11-18,aggregate
World,OWID_WRL,2001,41854.5,oil_production,clean,2025-11-18,aggregate
World,OWID_WRL,2002,41349.258,oil_production,clean,2025-11-18,aggregate
World,OWID_WRL,2003,43184.227,oil_production,clean,2025-11-18,aggregate
World,OWID_WRL,2004,45349.15,oil_production,clean,2025-11-18,aggregate
World,OWID_WRL,2005,45735.105,oil_production,clean,2025-11-18,aggregate
World,OWID_WRL,2006,46100.176,oil_production,clean,2025-11-18,aggregate
World,OWID_WRL,2007,46004.74,oil_production,clean,2025-11-18,aggregate
World,OWID_WRL,2008,46497.79,oil_production,clean,2025-11-18,aggregate
World,OWID_WRL,2009,45339.04,oil_production,clean,2025-11-18,aggregate
World,OWID_WRL,2010,46236.66,oil_production,clean,2025-11-18,aggregate
World,OWID_WRL,2011,46622.32,oil_production,clean,2025-11-18,aggregate
World,OWID_WRL,2012,47892.43,oil_production,clean,2025-11-18,aggregate
World,OWID_WRL,2013,47965.855,oil_production,clean,2025-11-18,aggregate
World,OWID_WRL,2014,49090.754,oil_production,clean,2025-11-18,aggregate
World,OWID_WRL,2015,50735.29,oil_production,clean,2025-11-18,aggregate
World,OWID_WRL,2016,50937.78,oil_production,clean,2025-11-18,aggregate
World,OWID_WRL,2017,51008.156,oil_production,clean,2025-11-18,aggregate
World,OWID_WRL,2018,52229.098,oil_production,clean,2025-11-18,aggregate
World,OWID_WRL,2019,52156.902,oil_production,clean,2025-11-18,aggregate
World,OWID_WRL,2020,48711.66,oil_production,clean,2025-11-18,aggregate
World,OWID_WRL,2021,49280.457,oil_production,clean,2025-11-18,aggregate
World,OWID_WRL,2022,51482.996,oil_production,clean,2025-11-18,aggregate
World,OWID_WRL,2023,52501.914,oil_production,clean,2025-11-18,aggregate
World,OWID_WRL,2024,52831.05,oil_production,clean,2025-11-18,aggregate
